SA_SQ_KM,lagoslakei
0.256,58199
0.173,121400
0.041,137196
0.47,111969
0.076,88385
0.143,109890
0.296,89423
0.209,110936
0.047,32154
0.075,31075
0.072,73620
0.088,113965
0.044,70567
0.08,18422
0.143,134176
0.195,21635
0.08,31078
0.072,39466
0.067,48878
0.098,78968
0.06,128937
0.041,30009
0.259,18426
0.066,53104
0.228,63394
0.325,56119
0.047,115027
0.69,84202
0.045,72581
0.176,34175
0.046,23832
0.159,19511
0.06,58205
0.046,117176
0.044,74682
0.142,130004
0.247,39471
0.042,87332
0.059,94549
0.043,125607
0.295,113019
0.055,60237
0.04176378,101671
0.08297815,30016
0.04390599,34180
0.109,113974
0.054,34181
0.056,61274
0.121,96580
0.154,56122
0.077,111983
0.259,103720
0.046,72585
0.117,25910
0.05,46770
0.065,105837
0.041,9406
0.047,19516
0.187,71573
0.046,41640
0.048,42701
0.369,7260
0.116,101673
0.096,39475
0.055,59256
0.361,69549
0.058,18439
10.958000000000000,17379
0.15,21643
0.081,39476
0.436,57148
0.071,66496
2.118000000000000,6436
0.087,62298
0.05,103721
0.097,107832
0.065,9405
0.058,68536
0.204,61276
0.05,16339
0.148,12261
0.099,140328
0.102,50970
0.074,60239
0.043,20569
0.075,103722
0.061,106829
0.111,104757
0.13,130001
0.677,31087
0.052,58213
0.054,125612
0.081,34183
0.087,50971
0.321,20571
0.042,49921
0.14,32170
0.089,140327
0.055,83122
0.115,94555
0.051,122445
0.068,62300
0.233,124537
0.042,66498
0.511,63401
0.119,55127
0.105,70578
0.086,69552
0.076,19517
0.185,118166
0.19,33144
0.508,42704
0.252,77852
0.06,120338
0.078,119249
0.075,74691
0.065,140326
0.222,87336
0.051,9403
0.051,6560
0.053,21646
0.071,40540
0.048,17381
0.045,102683
0.076,75768
0.067,81006
1.748000000000000,7339
0.102,28960
0.069,50972
0.165,62301
0.051,22764
0.081,66500
0.137,121411
0.154,27912
0.359,30021
0.063,111988
0.082,111989
0.059,119250
0.076,128929
0.067,133100
0.098,115036
0.09,123505
0.41,7241
0.585,23837
0.061,11234
0.053,137175
0.094,69553
0.821,7061
0.055,111990
0.698,62302
0.181,59257
0.128,30022
0.104,24854
0.134,111991
0.37,96583
0.099,135213
0.09,76803
0.056,47828
0.375,54120
0.102,12262
0.111,66502
0.235,127885
0.108,42706
0.058,36252
0.22,132081
0.126,12264
0.061,31089
0.088,27916
0.061,14298
0.177,122446
0.278,12265
0.104,59258
0.052,70580
0.046,133099
0.379,74717
0.106,9401
0.338,54121
0.19,113023
0.605,105840
0.06,119251
0.167,43737
0.122,96584
0.043,68539
12.662000000000001,115040
0.061,64421
0.051,66504
0.042,17382
0.061,108878
0.074,120340
0.055,109904
0.133,27917
0.055,102684
0.043,136175
0.101,107835
0.042,98639
0.046,93539
0.162,130000
0.553,76804
0.067,49926
0.182,136174
0.239,48885
0.267,117148
0.136,48886
0.068,13276
0.101,74695
0.198,25915
0.168,63402
0.205,63403
0.217,109905
0.111,69554
0.124,49927
0.045,107836
0.058,47831
0.088,103726
0.046,55130
0.088,37348
0.041,19518
0.073,67548
0.311,78980
0.12,139265
0.084,13278
0.041,101676
0.08,38383
0.266,104761
0.146,132079
0.04,78981
0.085,62304
0.081,90458
0.124,72591
0.043,117150
0.055,28961
0.158,110955
0.045,52034
5.739000000000000,6409
0.066,61279
0.078,125615
0.042,134164
0.049,73640
0.057,26952
0.052,35209
0.136,140322
0.421,87337
0.047,133098
0.087,69556
0.066,24856
0.042,115042
0.042,107838
0.058,22767
0.075,109906
0.122,24857
0.051,97614
0.059,45763
0.051,20574
0.052,117151
0.046,18457
1.160000000000000,126865
0.042,44779
0.049,52035
0.194,88424
0.069,38384
0.043,92494
0.249,93540
0.071,23840
0.043,108882
0.205,26953
0.275,95558
0.043,21650
0.052,71577
0.041,24859
0.405,93541
0.338,33147
0.108,90461
0.748,42713
0.232,83126
0.093,101678
0.046,132078
0.079,25917
0.084,19520
0.068,78983
0.044,69557
0.131,81007
0.269,81008
0.351,6912
0.097,50976
0.048,99654
0.061,20575
0.06,46778
0.319,107839
0.604,21651
0.138,64422
0.162,93544
0.053,39477
0.074,23841
0.061,62307
0.049,45764
0.583,16344
0.042,9398
0.082,9397
0.223,53110
0.049,15326
0.697,79988
0.264,116127
0.227,43741
0.309,11235
0.124,128927
0.604,108885
0.106,81009
0.103,47833
0.917,44781
0.212,35213
0.053,132076
0.196,54126
0.055,123511
0.266,95560
0.063,49930
0.058,83127
0.043,126863
0.048,110959
0.677,97617
0.054,50977
0.11,122448
0.067,43742
0.06,64423
0.044,84216
0.123,91476
0.163,111997
0.05,9396
0.085,34185
0.213,41644
0.389,87339
0.225,127881
0.125,122449
0.135,98641
0.074,42714
0.985,6396
0.504,30024
0.354,30025
0.048,121414
0.053,68545
0.181,53112
0.076,104767
0.043,104768
0.1,37351
0.118,36263
0.068,64424
0.079,134163
0.088,101680
0.468,103761
0.06,113978
0.1,109910
0.163,106831
0.073,9394
0.059,96589
0.041,89439
0.072,70583
0.368,115046
0.087,110962
0.318,46780
0.109,138255
0.206,10224
0.047,136172
0.051,23843
0.059,10225
0.051,83129
0.184,68546
0.08,101681
0.258,96590
0.158,112000
0.147,42715
0.043,132074
0.361,39479
0.695,70584
0.365,78986
0.065,40543
0.041,107840
0.163,93546
0.071,68547
0.059,24861
0.057,97620
0.089,136170
0.18,77854
0.057,68548
0.05,77855
0.069,26955
0.045,98643
0.094,65468
0.047,45766
0.151,101682
0.119,134159
0.199,77856
0.163,7154
0.067,19521
0.048,43744
0.041,66508
0.096,87340
0.251,37353
0.102,41646
0.116,68549
0.102,41647
0.123,106834
0.173,16347
0.045,69562
0.066,41648
0.042,16348
0.088,131034
0.212,36256
0.572,7168
0.048,32172
0.13,6552
0.117,87341
0.05,125618
6.400000000000000,107841
1.546000000000000,76808
0.246,125619
0.074,64427
0.099,77857
0.084,109913
0.051,137171
0.3,18443
0.093,45768
0.065,38388
0.045,137170
0.088,126858
0.12,118173
0.079,15328
0.052,125620
0.103,14308
0.117,45769
0.078,31092
0.703,15330
0.057,28970
0.045,34188
0.191,133095
0.174,76809
0.557,52038
1.315000000000000,39482
0.048,123515
0.186,42716
0.046,126856
0.059,139256
0.333,46782
0.188,90467
0.074,32173
0.081,59264
0.094,105849
0.083,33150
0.091,91478
0.169,62312
0.399,65487
0.414,6944
0.046,38390
0.046,117158
0.052,59265
0.102,36259
0.043,40553
0.066,62313
0.041,73646
0.102,59266
0.154,110964
0.129,136168
0.063,37354
0.088,22768
0.118,104771
0.046,27919
0.702,65472
0.06,81013
0.361,6976
0.379,19522
0.527,100645
0.044,66509
0.05,28973
0.055,101684
0.531,7368
0.068,83135
0.048,47837
0.212,85211
0.106,7125
0.103,7075
0.205,99660
0.176,110967
0.5,103733
0.045,65473
0.173,93550
0.046,15332
0.068,19523
0.042,67554
0.098,105850
0.098,105851
0.165,30029
0.045,35217
0.133,71581
0.136,110969
0.156,140316
0.04,24864
0.046,37356
0.14,6541
0.262,136166
0.048,33153
0.318,61287
0.079,82069
0.043,40547
0.073,33154
0.056,73648
1.049000000000000,122456
0.042,76813
0.178,6827
0.085,124542
0.086,78990
0.157,104772
0.149,112003
0.176,23847
0.211,38393
0.263,14309
0.162,138250
0.064,74702
0.071,86272
0.068,11241
0.053,137167
0.134,48891
0.046,76814
0.08,24865
0.041,105852
0.199,52041
0.073,53115
0.106,119257
0.049,98645
0.045,25921
0.488,43746
0.048,33155
0.282,6508
0.044,35219
0.048,122457
0.049,14310
0.069,122458
0.062,32176
11.532999999999999,6873
0.075,13285
0.053,82070
0.132,115057
0.065,113030
0.096,61289
0.15,140315
0.083,79997
0.054,71582
0.492,131031
0.105,129992
0.318,40549
0.073,98646
0.078,19524
0.041,132072
0.056,125623
0.109,92498
1.139000000000000,9389
0.393,103736
0.064,44787
0.073,127878
0.084,38394
0.861,84222
0.295,140314
0.094,118176
0.181,129990
0.055,45772
0.126,85213
0.107,116131
0.723,87344
0.424,71584
0.269,115058
0.05,95564
1.442000000000000,35220
0.056,81018
0.139,102688
0.078,96591
0.088,36261
0.061,101686
0.113,62317
0.092,34189
0.376,56130
0.045,46785
0.064,99663
0.054,59271
0.095,113979
0.048,43748
0.162,67556
0.047,14313
0.052,68554
0.202,100647
0.075,27920
0.069,91480
0.98,38395
9.622000000000000,7236
0.104,91481
0.044,121417
0.098,54131
0.264,95565
0.24,75775
0.045,11243
0.23,134156
0.041,139255
0.041,92502
0.092,67557
0.154,62319
0.045,23848
0.78,23849
0.429,90471
0.051,103737
0.072,13287
0.296,120352
0.475,6725
0.066,121419
0.151,129989
0.163,60267
0.153,9388
0.62,84223
0.04,37361
0.24,64435
0.457,53120
0.093,113981
0.074,140313
0.084,50983
0.166,127877
0.085,115059
0.18,38396
0.054,135207
0.105,36266
0.121,26962
0.144,123518
0.084,54132
0.041,30036
0.046,103738
0.118,103739
0.046,98673
0.055,118178
0.123,24867
0.056,76817
0.139,118179
0.064,82071
0.081,90473
0.429,88411
0.079,78995
0.136,78996
0.05,113034
0.137,41653
0.081,120353
0.184,115061
0.11,78997
0.079,60255
0.083,123519
0.122,44789
0.129,127876
0.107,113982
0.044,46787
0.126,99667
0.044,86275
0.104,47841
0.043,52045
0.055,139254
0.276,40554
0.086,22772
0.044,73652
0.099,92504
0.042,101689
0.041,28977
0.17,28978
0.137,79999
0.052,86276
0.064,74707
0.149,23851
0.052,132069
0.041,97630
0.067,132068
0.092,15337
0.293,94565
0.049,120355
0.057,120356
0.06,18448
0.052,92505
0.122,135206
0.122,141270
0.104,122462
0.055,52046
0.381,65477
0.176,82073
0.058,16352
0.656,122464
0.055,81020
0.057,32181
0.203,68559
0.056,28979
0.063,132066
0.054,20594
0.054,126850
0.206,129986
0.121,21660
0.069,57171
0.16,113036
0.05,23853
0.063,106840
0.049,92507
0.093,101691
0.088,37363
0.042,64436
0.06,64437
0.118,82074
1.109000000000000,81021
0.236,80001
0.071,64438
0.155,41654
0.117,87348
0.573,109920
0.066,20595
0.082,83138
0.087,78998
0.604,121423
0.043,82075
0.302,6440
0.049,107846
0.065,108890
0.047,28980
0.272,67561
0.043,140310
0.048,88414
0.404,47842
1.541000000000000,12282
0.055,136159
0.159,17394
0.062,131024
0.426,31098
0.061,27923
0.064,139250
0.072,127874
0.058,121424
0.142,12283
0.058,39484
0.053,81022
0.066,31099
0.109,83139
0.058,110973
0.043,137163
0.195,6494
0.137,88416
0.063,31100
0.046,82076
0.136,126848
0.186,73657
0.149,139249
0.086,17396
0.043,48893
0.12,118236
0.049,56135
0.061,87350
0.053,58225
0.184,46791
0.043,137161
0.226,52047
0.184,15339
0.18,103741
0.22,62324
0.084,78999
0.043,21662
0.061,59276
0.08,138246
0.043,129983
0.459,23857
0.399,81023
0.071,64439
0.059,100650
0.069,45775
0.081,109921
0.047,28981
0.166,115066
0.092,17397
0.093,120359
0.166,125630
0.236,31102
0.266,123521
0.058,100651
1.069000000000000,7334
0.471,106841
0.04,100652
0.055,135199
0.37,83141
0.075,55139
0.04,33159
0.04,110975
0.159,129982
0.068,15341
0.053,45776
0.123,99668
0.156,54139
0.08,33160
0.053,76818
0.189,124548
0.051,26965
0.428,123524
0.041,46793
0.05,79002
0.05,53122
0.186,113986
0.047,66519
0.061,91483
0.06,128917
0.156,63415
0.228,30039
0.057,133089
0.218,97634
0.092,118186
0.317,6715
0.072,60257
0.068,38399
0.059,24870
1.554000000000000,90475
0.48,7063
0.142,24871
0.129,138244
0.05,38400
0.055,88418
0.064,22774
0.59,53123
0.215,107849
0.042,36268
0.054,24873
0.053,132063
0.123,35227
0.074,119261
0.151,125631
0.322,101693
0.059,42721
0.061,16354
0.123,6936
0.054,17398
0.396,125632
0.085,32183
0.084,14320
0.049,132061
0.179,23859
0.214,18452
0.058,94584
0.074,25926
0.072,45780
0.081,32184
0.445,6477
0.085,104777
0.092,28984
0.051,129981
0.042,30041
1.254000000000000,6536
0.046,77868
0.045,86281
0.048,20600
0.096,98656
0.458,120360
0.05,103742
0.104,96594
0.062,90476
0.064,125633
0.423,77869
0.126,81026
0.07,24875
0.062,25927
0.056,37367
0.112,42724
0.205,132060
0.051,98657
0.08,118188
0.283,136154
0.06,100655
0.196,38402
0.121,74710
0.04,97636
0.152,98658
0.061,27927
2.731000000000000,6521
0.055,86282
0.446,26969
0.429,25928
0.525,6433
0.116,135196
0.138,133087
0.054,123526
0.092,137158
0.043,75780
0.14,19530
0.054,31106
0.115,41660
0.101,47849
0.18,100657
0.058,80004
0.325,62330
0.046,73660
0.1,94570
0.112,84230
0.161,69573
0.044,69574
0.129,82078
0.065,24876
0.051,14324
0.04,107851
0.065,27928
0.228,103744
0.128,12286
0.191,24877
0.041,52053
0.049,72606
0.048,11249
0.078,16355
0.125,16356
0.674,133086
0.195,131021
0.182,113042
0.042,47851
0.132,94571
0.063,40560
0.05,40561
0.048,133085
0.073,22776
0.041,37368
1.668000000000000,7039
0.431,44792
0.054,58231
0.144,132058
0.112,17402
0.053,36269
0.058,33164
0.104,118192
0.491,54141
0.14,86284
0.16,90478
0.148,23861
0.203,65482
0.097,87354
0.07,27930
0.043,93564
0.061,89454
0.105,118193
15.266000000000000,6543
0.324,126841
0.073,17403
0.052,134148
0.454,32188
0.339,6898
0.759,42725
0.243,118194
0.08,71590
0.483,13290
0.589,80008
0.054,137155
0.042,97639
0.059,39485
0.128,133084
0.391,131019
1.064000000000000,23862
0.057,10232
0.194,106848
0.06,138242
0.146,58232
0.067,97640
0.14,31107
0.06,131018
0.046,40562
0.042,49937
0.241,92518
0.206,80009
0.849,55143
0.047,108894
0.046,132057
0.108,120363
0.054,128914
0.099,14326
0.087,110977
0.184,62328
0.462,7137
0.13,38405
0.066,23863
0.138,39487
0.053,74711
0.06,80010
0.044,98664
0.074,128913
0.045,114004
0.124,120364
0.056,43757
0.12,101696
0.079,113045
0.136,108895
0.205,140303
0.061,11251
0.056,95571
0.05,89456
0.236,46801
0.047,7149
0.079,63421
1.263000000000000,7351
0.295,11252
0.095,66524
0.058,40563
0.765,43758
0.084,47852
0.053,67565
0.133,52054
0.064,31110
0.098,75782
0.047,56143
0.107,30044
0.069,101697
0.111,13292
0.14,33166
0.177,22778
0.041,59280
0.044,39488
0.079,11253
0.983,7150
0.056,75783
0.42,7104
0.358,31111
0.309,81028
1.902000000000000,73662
0.042,22779
0.049,141268
0.29,113994
0.111,135192
0.229,74713
0.097,40564
0.053,57166
0.044,101698
0.058,34197
8.933000000000000,12290
0.042,100660
0.048,66525
0.483,133082
0.046,99672
0.142,32190
0.052,74714
0.718,46802
0.242,25930
0.06,123528
0.074,139245
0.105,59281
0.193,89458
0.131,14327
0.15,107853
0.098,101699
0.073,30045
0.055,20603
0.142,34198
0.058,118199
0.065,79012
0.782,28990
0.054,141266
0.281,61297
0.075,26976
0.044,102697
0.209,76822
0.17,52056
0.04,127865
0.061,80012
0.051,35233
0.047,128908
0.136,66527
0.041,37369
0.555,7173
0.242,123529
0.047,58234
5.347000000000000,13293
0.283,58235
0.134,122472
0.123,97641
0.079,28993
0.677,55144
0.079,140301
0.061,61298
0.127,140300
0.146,28994
0.048,10237
20.893000000000001,39489
0.061,13294
0.513,96598
0.059,99673
0.052,71591
0.055,92521
0.077,123530
0.115,56145
0.092,92522
0.079,98667
0.06,54145
0.073,84233
0.288,12291
0.076,76823
0.084,45785
3.338000000000000,140299
0.077,86288
0.283,135191
0.166,68565
0.072,35234
0.095,82081
0.182,69576
0.053,61299
0.143,138238
0.048,139244
0.05,75785
0.064,106849
0.182,40565
0.043,101701
0.051,22780
0.316,81032
0.565,16358
0.044,112016
0.082,79010
0.047,131016
0.09,112017
0.30985786,119265
4.691199280000000,49938
0.07859446,132053
0.04628223,95573
0.28357054,84234
0.04449349,42727
0.04245796,13296
0.05845473,93571
0.07317456,77874
0.04921586,22781
0.04340409,75786
0.0652023,43761
0.47889648,92523
0.08092284,122477
0.11959107,98668
0.04680979,50998
0.04780557,23865
0.11452287,54146
0.089908,49941
0.09488042,9380
0.06289419,112018
0.04503167,24879
0.0931169,23866
0.07982427,80013
0.17233194,94581
0.09392911,59284
0.06891175,59285
0.0435716,107857
0.11626146,109925
0.07413421,23867
0.12858676,91505
0.04016397,31117
0.0734811,58237
0.10586182,89462
0.13382035,77875
0.06195367,79013
0.05774092,113050
0.04395564,66529
0.07197661,107858
0.04045848,27934
0.12958656,77877
0.12166941,14331
0.15259443,74719
0.06738776,76826
1.500002590000000,110982
0.1109812,32192
0.05258245,125638
0.0853527,118203
0.17424865,6910
0.04825131,54148
0.06286179,50995
0.2067888,141264
0.17495372,72614
0.06730781,81036
0.06471553,21669
0.04695699,115072
0.06427705,44795
0.08724751,120368
0.25057736,105867
0.32851949,95575
0.34432252,117167
0.28776645,135188
0.07580052,10239
0.07116146,119267
0.08689375,21670
0.84882764,118204
0.05477728,101705
0.04984172,66532
0.07093333,72615
0.0533341,105868
0.13117522,105869
2.124710800000000,6889
1.697412790000000,84235
0.68521038,36273
1.787725230000000,6499
0.49036169,105870
0.3619099,95577
0.09783966,68569
0.13451444,92524
0.05686765,56146
0.41762246,137147
0.04328945,107859
0.47431095,94582
0.33478,140296
17.227816330000000,7151
1.712102610000000,6506
1.475580750000000,43764
0.27260217,98671
6.160365040000000,6788
0.06606442,10240
1.780191730000000,69578
0.07145607,53130
1.811612860000000,7135
2.146115630000000,46805
3.784141820000000,6559
18.926489210000000,92525
0.04188279,88422
2.635844260000000,68571
0.27732533,103750
0.81155768,115073
1.797311840000000,75787
0.06754503,125640
0.05540431,15346
0.04316674,115074
0.1882207,132050
0.15135352,80016
0.08470567,94583
0.05876546,84236
0.04211131,68572
0.04740981,57173
0.04780053,72616
0.10990293,107860
0.04051114,46806
0.07504006,40569
0.04921752,88423
0.16930089,14333
0.04040819,38409
0.07177686,28997
0.18036826,53131
0.04747361,123537
0.7545913,121434
0.05737531,97647
0.08266831,26978
0.24924273,67573
0.08291762,141263
1.364159180000000,83144
0.07804475,122475
0.0753789,44796
0.20575593,41689
0.04809573,139243
8.577951160000000,71592
1.495275990000000,6397
2.236896020000000,7169
0.78095205,6673
0.05566187,68579
1.396293690000000,7318
0.11634349,97648
1.154082280000000,80022
6.916435310000000,59287
0.2757649,20605
0.09019432,79015
0.24806907,98692
0.04382514,128903
1.453337160000000,84257
0.05610316,115085
0.39603182,75788
1.426109710000000,64450
1.559541340000000,131013
0.05244739,53133
0.10462813,6501
1.333238320000000,133079
0.0727751,116143
0.04391766,39495
0.09048743,9379
0.1399499,16379
0.0472859,116144
0.04922212,41672
0.18926999,115077
0.06539478,61303
0.09711785,135187
0.04116405,26979
0.51397753,22784
0.10641628,108900
0.06540454,68574
0.0713211,65488
0.21997478,7308
0.19469102,15352
0.082519,112019
0.08187609,64451
0.08433411,137146
0.26984598,14338
0.118246,104784
0.24580522,120371
1.266335460000000,38423
0.21696439,93573
0.15642995,117170
0.05471046,68575
0.09740633,37372
0.04863774,40577
0.04862588,25932
0.45787061,7178
0.11497489,123534
2.184708360000000,79016
0.25272025,83145
0.04163848,131012
0.13521025,6478
0.14097996,99675
0.35827501,116145
0.04582044,70597
3.610011220000000,6530
0.098759,64452
0.16403668,133078
0.75342878,75789
1.263109370000000,118206
0.05066101,81033
0.05248054,136148
0.9904359,9378
0.07169891,102701
5.971977950000000,106853
0.0584518,108901
83.570057210000002,6627
0.08568683,57176
0.04678175,101708
0.08448221,79017
0.11552651,136147
0.70649358,7283
0.31346411,40571
0.10250154,22785
0.134688,113051
0.11674146,47857
6.507444700000000,7400
0.28437854,97650
0.38453586,43782
0.17349472,69580
0.04434572,54149
0.10723475,31118
0.072096,71593
0.05432997,63429
0.08280807,36275
0.17600143,53135
0.5664353,55146
1.089515000000000,6407
0.12482404,30055
0.043,104785
0.261,103751
0.325,30050
0.046,43767
0.072,68577
0.124,60266
0.069,80019
0.087,17410
0.066,56147
0.07,6405
0.067,48901
0.063,36278
0.056,74720
0.067,42729
0.099,54150
0.522,44800
0.08,52061
1.121000000000000,75792
0.229,79019
0.537,110987
0.408,81043
0.043,117172
0.162,121436
0.831,87373
3.556000000000000,100665
0.161,30053
0.077,52062
0.339,7116
0.103,115079
0.061,66533
0.158,103754
0.177,35242
0.04,89463
0.057,79021
0.282,89464
0.047,43771
0.151,38411
0.122,129973
0.416,81037
0.057,96602
0.108,126830
0.04,38412
0.096,27939
0.062,113999
0.043,29002
0.041,58242
0.054,56149
0.094,98678
0.114,129970
0.185,38413
1.230000000000000,100667
0.057,6866
0.042,98679
0.157,120382
0.066,31123
0.105,82095
0.076,76840
0.041,109928
1.211000000000000,6554
0.397,6890
0.047,27940
0.078,16363
0.077,113055
0.058,113056
0.066,71594
0.309,39501
0.049,10242
0.114,34208
1.328000000000000,32195
0.047,35245
0.049,27942
0.376,91491
0.095,100669
0.958,52065
0.12,66535
0.108,26984
0.065,98680
0.09,11264
0.054,6947
0.455,18459
0.091,120374
0.073,61307
0.061,58244
0.092,51002
0.357,76835
0.131,127858
0.229,12304
0.57,52069
0.144,110991
0.113,81041
0.705,106857
0.049,38415
0.085,119271
0.197,64457
0.314,83154
0.053,55153
0.058,45793
0.055,116151
0.471,16364
0.092,73671
0.258,37377
0.25,63432
0.167,132047
0.54,85230
0.046,73674
0.259,79030
0.169,101717
0.064,136139
0.064,7312
0.138,46827
0.423,16365
0.053,36287
0.412,11266
1.180000000000000,83155
0.417,23872
0.049,20608
0.041,93579
7.486000000000000,4808
0.042,141259
0.093,70604
0.08,127856
0.101,108911
0.046,110995
0.128,124568
0.131,114006
0.073,132045
0.292,115083
0.191,132044
0.086,7291
0.121,117179
0.044,113058
0.18,35248
0.071,34212
0.218,100675
0.11,105874
0.228,6526
0.043,75799
0.137,31126
3.013000000000000,68586
0.04,82093
0.082,134138
0.06,72626
0.074,7176
0.054,85232
1.207000000000000,57190
0.375,135175
0.081,140292
0.092,134137
0.172,51006
0.178,46820
0.148,45798
0.059,121441
0.279,107871
0.109,13303
0.046,40580
0.393,123547
0.044,45799
0.044,85235
0.066,27958
0.045,131007
0.067,84250
0.199,56155
0.087,96610
0.08,43777
0.485,100677
0.059,38424
0.916,36291
0.18900453,12315
0.60231554,10251
0.36737383,32204
0.04963965,64462
0.10367425,92535
0.34737935,129959
0.17645949,18468
0.10426758,32205
0.04731159,34216
0.08708711,46821
0.12930127,83161
0.04170619,124577
0.23062753,62344
0.10059934,141256
0.04763544,71598
3.725350680000000,64463
0.06709634,89473
0.26871071,44810
3.613757250000000,47865
4.705188440000000,56154
2.374053810000000,33179
0.65776375,94591
0.04535057,101719
0.18537812,116156
0.93264069,47867
0.81288548,7307
2.375391810000000,75802
0.11477962,126822
0.18481733,73678
0.38899157,48910
0.0888567,123548
0.06681286,67580
0.5320938,7381
0.04014856,81047
0.04200623,11273
2.440751250000000,20610
0.5566585,10250
0.0629509,86301
0.16288361,6423
0.20440071,6484
0.05342523,79035
0.14126505,116166
0.05795772,26992
0.2197368,62345
0.04825214,58248
0.05044425,115086
3.090182280000000,94596
0.07699805,13304
0.06866708,73684
0.91251617,128893
0.04069687,71599
0.05443388,119284
0.04742802,132040
0.05168834,81048
0.07498754,115088
0.04445391,6671
0.04264591,100678
0.0883423,6510
0.05494489,23877
0.10317089,17419
0.60854249,97672
0.32663558,70613
0.05977252,56162
0.10130343,6496
0.26821135,7379
0.23672341,7040
0.06306046,56156
0.06386399,7161
1.473248840000000,6820
0.07513724,32208
0.23499493,114010
0.07609073,96612
1.635431360000000,70609
2.420453600000000,6723
0.06876992,25947
0.21588208,63440
0.05407377,115090
0.36968658,6507
1.780884420000000,23879
0.05747055,71600
0.07764172,29010
0.47770597,6512
0.09659225,102709
0.3723385,82096
0.04123641,56157
0.32397123,88434
0.06783813,18472
0.15401587,131005
0.14451536,6687
0.07526691,83163
0.0405905,128892
0.14516791,6545
0.08264599,139232
0.04086934,36293
0.42942985,41684
0.06298263,113063
0.08225025,138229
0.4614439,88439
0.10705255,86303
0.1798282,6562
0.87986444,30070
0.04691279,69591
0.04257238,6840
1.184740630000000,57194
0.07488106,6779
0.07287788,13306
0.12120672,126819
0.04795441,117185
0.13723783,16370
0.04623411,72628
0.50097067,138228
0.06813656,65498
0.07593251,42742
0.41645679,7127
0.12288516,137126
0.04211177,13307
0.04356786,81049
0.07237484,98685
0.09609445,86304
0.10975983,93583
0.11859589,79031
0.36896238,30062
0.38683648,7319
0.16124517,118217
0.04374533,82098
0.06292299,94594
0.72075859,60297
0.04173621,109934
0.10238873,129958
0.11092056,68588
0.99183164,7382
0.09328836,77888
0.11570406,18473
0.19822567,131003
1.119253840000000,135170
0.21235313,22802
0.0544623,105878
0.05732442,49951
0.29468633,140288
0.07436697,98686
0.08311749,75806
0.06463955,109935
0.08846223,67582
0.20957788,52077
0.20180852,54162
0.05298266,64464
0.04922675,47870
0.14796973,73681
0.0903802,103764
2.867902970000000,95587
0.0683035,120379
0.15007226,57195
0.18329315,6400
0.40120842,7364
0.06850577,132036
0.19191797,137125
0.05105953,97664
0.07689697,131002
0.25524994,116160
0.04947978,109936
0.14383478,80025
0.04856561,18475
0.10749211,37385
0.04449811,68589
0.15009366,7210
0.05257213,101722
1.132811580000000,21684
0.3214447,7100
0.17048749,120380
0.57379278,7399
0.21410491,116161
0.06611674,63443
5.407320800000000,15362
0.15177107,24893
0.16152138,48913
0.07230433,135169
0.04487203,38426
0.14960862,67583
0.0490043,26993
0.04069548,61315
0.04169118,129955
0.38417895,118220
0.19886713,128890
0.05243178,107876
0.41486908,49952
0.09546067,37386
0.06053528,102711
0.09781377,14347
0.10120757,73682
0.13707526,95588
0.21130277,77889
8.742552930000000,112030
0.06794568,67586
0.05111543,24908
0.29593379,51012
0.22367601,62348
0.08725023,33201
0.04082638,122510
0.046,10276
0.06247458,109961
0.07066612,127835
0.15006097,130978
0.05141931,109963
0.08457392,12341
0.04534781,126794
0.04588235,98720
0.07250703,69620
0.07793404,121468
0.14004952,67608
0.12604106,49994
0.04919223,65531
0.07235811,98722
0.1198835,36331
0.04902652,125679
0.28017692,94625
0.07344084,76870
0.182,72663
0.319,94626
0.091,120407
0.302,106900
0.295,126793
0.043,58300
0.051,119307
0.045,90518
0.163,36332
0.528,52107
0.29,29048
0.084,128867
0.205,81079
0.184,81080
3.259000000000000,87394
0.047,12343
0.107,77923
0.098,139200
0.152,85268
0.05301537,39544
0.04643103,92557
0.073,37415
0.1806251,39545
0.057,36333
0.107,135134
0.104,43800
1.289000000000000,7261
0.082,49998
0.195,70635
0.086,69627
0.192,115125
0.136,129921
0.329,13331
0.195,133046
0.04599618,111024
0.08619314,132001
0.849,21711
0.789,16405
0.101,16406
0.33,9319
0.061,55183
0.064,80056
0.107,14381
0.103,31168
0.133,133045
0.09303777,95617
0.949,21712
0.069,27979
0.043,129920
0.092,20640
0.129,99717
0.186,31169
0.092,131998
0.609,21715
0.103,67610
0.094,106901
0.455,134108
0.22,89507
0.042,24924
0.08336053,31170
0.279,75837
0.11630878,15381
0.054,133044
0.194,129919
0.066,90520
0.456,114036
0.11420509,125682
1.168000000000000,119309
0.082,92558
1.706000000000000,124607
0.067,115128
0.062,11303
0.1,106903
0.13689926,74763
0.098,47898
0.136,71632
0.084,27981
0.307,68613
0.104,135132
0.205,73710
0.045,73711
0.071,41716
0.187,97708
0.15,93620
1.649000000000000,6429
0.085,98724
0.158,19576
0.042,123574
0.041,119313
0.883,116191
0.081,50000
0.149,127832
0.041,53170
0.761,74764
0.105,87397
0.08,138201
0.112,122514
0.312,83198
0.04,135129
0.143,88463
0.061,50001
0.081,75840
0.06336857,103793
0.18,48943
0.514,92561
0.058,54196
0.277,68614
0.154,10280
0.374,117211
0.142,99719
0.349,63474
0.296,138200
0.056,65535
0.102,123576
0.067,62374
0.328,11305
0.096,118256
3.583000000000000,119315
0.07063718,69628
0.619,58281
1.447000000000000,19577
3.304000000000000,20641
0.065,54198
0.141,6548
0.15,111025
0.961,115132
0.06,80060
0.319,29034
0.096,51041
0.068,82136
0.157,22836
0.05350887,34249
0.088,120408
0.06,125685
0.675,38456
0.251,107902
0.225,54199
0.135,46847
0.429,30090
0.05249042,141215
0.069,81083
0.185,107903
0.06409534,101762
0.347,13337
0.047,90526
0.049,66566
0.089,122516
0.431,24926
0.266,135123
0.053,140252
0.04379153,83199
0.131,18512
0.209,84293
0.429,58284
0.089,114040
0.2,118258
0.04,138198
0.129,100718
0.08,134105
0.081,56194
0.193,72658
0.096,32238
0.07,74767
0.068,65538
0.293,16410
0.3,106907
0.062,29035
0.079,52113
0.043,17454
0.827,116194
0.289,74768
0.089,114041
0.109,93623
0.146,90528
0.064,127830
0.214,104830
0.135,115134
0.117,65541
0.062,6853
0.119,61349
0.04,19578
0.07,114043
0.271,38457
0.157,46848
0.315,62377
0.04,134104
0.137,70643
0.055,12347
1.321000000000000,59349
0.23,58286
0.057,96641
0.081,101764
0.101,72660
0.06384351,17455
0.042,54200
0.074,126789
0.12922426,30092
1.213000000000000,6835
0.06,9312
0.07,118262
0.728,116195
0.071,112069
0.137,97711
0.042,101765
0.055,17456
0.08,72661
0.21934754,43807
0.067,36335
0.067,83202
0.05346494,23912
19.092475980000000,40610
23.175883859999999,122517
0.04028089,59350
0.04143515,51043
0.04099035,24928
0.10409176,109973
6.230093880000000,25980
0.11183112,60315
0.05253523,42776
0.05643017,53177
0.05491242,75845
0.04523256,90530
0.06268195,117214
0.04199487,92562
0.1287282,131994
0.05037981,136107
0.05049114,91524
0.12804504,32239
0.25138409,6504
0.05821133,84297
0.04079256,38459
0.0468047,99721
0.15474062,50005
0.26526036,47901
0.21664564,44843
0.17255215,96643
0.08117753,116197
0.11962662,6542
0.06309511,99722
0.15385375,7371
0.05565561,140251
0.09243145,39547
0.55484293,6480
0.10594342,76877
0.04656723,22839
0.04059476,120410
0.12348911,100720
0.10929938,25981
0.04522638,56197
0.17669138,17458
0.28191525,104831
0.06335544,77926
0.05443141,134102
0.09643869,81085
0.04023248,114044
0.11047917,66567
0.06176876,104833
0.4200639,57242
0.10395471,95623
0.06750269,141213
0.30249257,92566
0.24082897,89513
0.08594586,61351
0.11741943,21721
0.07562616,131993
0.36533315,67615
0.06949117,85272
0.11394308,108959
0.13167151,41722
0.05210739,122518
0.33205041,133041
0.42582237,140250
0.16988844,115136
0.11422814,81086
0.06581044,32240
0.23542047,6428
0.13641495,67616
0.16557626,6550
0.10673522,141211
0.09386938,75846
0.1951376,9311
0.08120974,45830
0.06926282,67617
0.08543141,43811
0.0460708,116198
0.13471328,9310
0.08246538,62388
0.05842908,18516
0.208,62381
0.123,46881
0.099,62382
0.08,85306
0.048,141207
0.072,9308
0.224,53181
0.086,135121
0.428,6528
0.097,37418
0.279,134097
0.144,61358
0.092,93625
0.115,53182
0.468,47907
0.109,12356
0.048,133035
0.054,9307
0.041,67623
0.062,109980
0.226,41726
0.213,82138
0.057,133033
0.126,17463
0.09,72666
0.047,86335
0.059,99728
0.154,67624
0.042,54203
0.069,130967
0.079,46856
0.131,7277
0.079,16416
0.128,52128
0.061,59359
0.087,86336
0.072,123583
0.044,108966
0.165,7160
0.069,21735
0.194,115138
0.122,140244
0.068,139192
0.063,87406
0.191,95629
0.154,6922
0.046,65547
0.071,34257
0.108,121478
0.061,70649
0.07,95630
0.043,65548
0.092,80067
0.125,50018
0.121,14395
0.046,99731
0.055,99732
0.44,6412
0.443,22846
0.045,113111
0.092,21736
0.432,16426
0.246,43815
0.049,63483
0.155,94636
0.062,130964
0.105,69634
0.062,59363
0.146,45837
0.107,87408
0.06,63486
0.045,92569
0.201,89523
0.054,140241
0.043,127823
0.05,76888
0.047,130963
0.242,6832
0.07,91534
0.041,137081
1.550000000000000,30101
0.052,80069
0.293,124619
0.137,62390
0.116,60324
0.042,50020
0.076,125690
0.068,24940
0.182,6427
0.076,38468
1.025000000000000,6519
0.052,14401
0.089,64512
0.064,131987
0.053,20654
0.306,7274
0.178,32245
0.041,134088
0.069,134087
0.374,6488
0.122,116206
0.471,25994
0.051,63485
0.04,12363
0.042,100729
7.758000000000000,7090
0.085,92572
0.091,83210
0.156,93633
0.1,72674
0.183,27032
0.564,6529
0.101,51054
0.086,51055
0.096,83211
0.069,24946
0.12,109987
0.095,124620
0.075,52124
0.105,24942
0.058,23925
0.067,97720
0.094,11325
0.055,38472
0.045,60329
0.142,55198
0.116,95636
0.133,59377
0.088,20656
0.128,115144
0.061,13353
0.077,63496
0.047,65556
0.049,17469
0.554,6509
0.083,13354
0.048,58292
0.05,54213
0.047,137073
0.092,27033
0.064,98744
0.055,101775
0.049,129908
0.051,135113
0.427,6951
0.081,124623
0.057,34267
0.074,16425
0.079,85287
0.049,17471
0.251,17472
0.064,93632
0.098,116210
0.104,127818
0.053,106924
0.055,25996
0.048,109990
0.153,128850
0.042,13355
0.043,128849
0.383,126778
0.376,9298
0.124,76893
0.053,36349
0.042,66579
0.044,71642
0.195,35294
0.042,36350
0.141,12369
0.053,95638
0.058,76895
0.205,60332
0.165,75858
0.072,19595
0.23,43822
0.074,21743
0.092,13356
0.191,112088
0.054,77945
0.118,11329
0.227,96651
0.185,108974
0.153,32250
0.046,48968
0.142,20660
0.085,61371
0.042,27038
0.099,43825
0.052,57259
0.211,42799
0.043,27040
0.067,29049
0.163,31180
0.143,123591
0.042,13358
0.052,130949
0.068,46864
0.153,114057
0.193,130947
0.109,122531
0.282,7352
0.041,123782
0.048,46867
0.09,63491
0.048,52127
16.803999999999998,86349
0.072,44853
0.055,35299
0.057,95642
0.08,72677
0.405,25998
0.949,36352
0.046,95643
0.123,93636
0.097,124629
0.126,22851
0.122,76900
0.064,11333
0.069,105925
0.049,66587
0.101,39564
0.157,91537
0.246,7402
0.058,72679
0.048,51060
0.146,113123
0.16,139178
0.072,117232
0.061,70662
0.049,105928
0.16,101782
0.05,101783
0.112,45844
0.111,7171
0.916,39566
0.1,87424
0.983,6547
0.042,71647
0.235,73731
0.056,139176
0.06,37434
0.089,123596
0.044,29054
0.045,129900
0.044,35303
0.077,127810
0.047,89533
0.058,52130
0.817,59370
0.072,35304
0.043,62405
0.12,114061
0.087,68630
0.042,54225
0.068,100749
0.049,14420
0.171,47919
0.047,101785
0.064,41745
0.075,15394
0.079,72682
0.049,42805
0.05,141191
0.04,41746
0.258,29058
0.122,80081
0.06,90549
0.129,102755
0.145,70664
0.046,61382
0.06,23934
0.044,140221
0.048,34278
0.663,104854
0.048,37438
0.41,7131
0.078,122534
0.175,60339
0.258,116222
0.096,106934
0.405,71651
0.091,68634
0.126,6784
0.098,112096
0.052,131975
0.256,106930
0.085,92587
0.053,66599
0.32,6546
0.05,41748
0.054,97733
0.055,94654
0.048,116224
0.045,112102
0.423,128842
0.067,118288
0.546,6479
0.108,107926
0.55,46877
0.098,118290
0.225,128841
0.08,114067
0.292,50036
0.114,81100
0.044,100745
0.045,61377
0.067,87428
0.092,65570
0.042,122536
0.077,65571
0.063,129894
0.07,93646
0.058,66596
0.073,51065
0.077,31190
0.075,47922
0.161,42811
0.065,114068
0.38,89535
0.055,106933
0.044,30117
0.076,118295
0.05682932,130934
3.226223040000000,88487
2.607136410000000,6682
0.08886635,59376
0.0922522,39572
0.14882014,101793
0.05623374,53208
0.04341642,32254
0.07598745,119341
0.06520207,30118
0.04355147,41751
0.05086254,32255
0.07009369,84317
0.2721561,80091
0.04262879,77959
0.04257607,17487
0.08635535,70668
0.067875,67639
0.12453977,97735
0.10150854,6424
0.17798541,6806
0.08496666,43831
0.12881229,7156
0.09457819,64535
0.07880218,133000
0.059,19797
0.054,138989
0.612,7148
0.1,120608
0.086,55376
0.086,82335
0.01,62597
0.154,58471
0.132,104023
0.083,79247
0.047,111232
0.235,105042
0.112,129707
0.041,85485
0.055,73948
0.139,9094
0.095,13570
0.111,81320
0.043,87616
0.095,78163
0.041,73949
0.243,11530
0.108,21943
0.233,114283
0.04,102932
0.06,51269
0.609,92779
0.06,82336
0.736,138988
0.175,80281
0.056,102933
0.075,63692
0.078,50232
0.651,29254
0.232,32426
0.123,114284
0.063,85487
0.087,83426
0.055,116404
0.197,76054
0.076,96840
0.208,31396
0.042,66787
0.079,72867
7.635000000000000,89722
0.048,94836
0.068,138986
0.075,125887
0.062,106098
0.091,23036
0.078,82338
0.051,130744
0.451,39764
0.137,27222
0.187,82339
0.058,33402
0.162,115322
0.042,54422
0.098,99934
0.124,14606
0.047,109199
0.059,23037
0.041,33403
0.05,118493
0.096,136865
0.094,32428
0.072,137993
0.051,45032
0.066,98944
0.043,14607
0.069,38662
0.191,123771
0.219,6511
0.044,76055
0.076,133903
0.064,61561
0.147,24129
0.053,110167
0.069,73960
0.066,71846
0.116,93830
0.141,85488
0.061,138984
0.072,21947
0.085,33405
0.14,135916
0.135,17657
0.12,77087
0.046,26197
0.126,125889
0.053,133902
0.043,17658
0.078,46051
0.175,24130
0.049,115326
0.103,76059
0.085,129704
0.084,115327
0.143,62600
0.054,93833
0.184,65745
0.084,102934
0.965,44025
0.123,93834
0.077,118495
0.041,71849
0.044,104025
0.099,38664
0.053,28187
0.128,99935
0.116,67823
0.216,86546
0.063,114290
0.088,63702
0.06,70854
0.06,49158
0.063,102936
0.077,11533
0.045,49159
0.072,37639
0.042,110169
0.194,46053
0.041,69861
0.08568585,52313
0.072,76060
7.269000000000000,7118
0.116,39765
0.102,26201
0.048,95847
0.066,15593
0.054,123773
0.047,116409
0.057,118497
0.044,51274
0.101,122720
0.869,6667
0.065,40841
0.046,73955
0.19,51275
0.053,122722
0.188,76061
0.083,71850
0.092,61565
0.417,38665
0.068,106102
0.07,48128
0.084,29258
0.084,79250
0.167,105047
0.071,54427
0.121,63696
0.056,46054
0.057,19801
0.044,118498
1.979000000000000,70855
0.056,45036
0.066,113276
0.049,29259
0.109,97934
0.048,126585
0.057,10503
0.246,67827
0.112,20850
0.081,87625
0.073,125891
0.064,82345
0.045,133898
0.153,109202
0.05,113274
0.056,31403
0.087,91731
0.135,24131
0.044,141015
0.049,46055
0.061,26203
0.159,13576
0.154,35517
2.924000000000000,117413
0.087,37640
0.051,137987
0.112,126584
0.065,50236
0.13,11540
0.15,44028
0.053,58477
0.092,49161
0.137,70859
0.05,61567
0.099,71852
8.391000000000000,53405
0.05,105048
0.13,90739
0.051,125893
0.053,118499
0.046,17662
0.046,135914
0.074,47059
0.111,89725
0.549,119553
0.045,21948
0.074,87627
0.057,114293
0.144,14610
0.08,130740
0.062,109205
0.076,49162
0.058,54429
0.056,54430
0.053,54431
0.048,138980
0.301,89726
0.043,18737
0.059,65753
0.061,23043
0.041,141012
0.109,26206
0.04,130739
0.071,48132
0.056,114294
0.574,44030
0.048,110176
0.114,98948
0.046,110177
0.051,52317
0.106,18738
12.975000000000000,6561
0.178,21949
0.083,108109
0.055,100933
0.118,126582
0.063,86549
0.049,47061
0.051,117401
0.101,40842
0.054,102943
0.045,37641
0.103,129702
0.157,112309
0.096,101972
0.164,52319
0.198,53406
0.042,89728
0.043,76062
0.101,117402
0.211,117403
0.04,101973
2.380000000000000,21950
0.05,109206
0.053,134895
0.07,140020
0.07,23044
0.376,97936
0.045,105052
0.099,14613
1.376438450000000,36565
0.16738011,133895
0.25693711,130736
0.05040744,92786
0.05585464,69865
0.14468256,17665
0.04797848,100935
3.491726640000000,6974
0.92667456,82349
0.67069883,6410
0.84225202,129700
0.137,82350
0.06,91733
0.065,19804
0.119,13578
0.044,81316
0.06,54434
0.257,102944
0.061,27228
0.058,17667
4.434000000000000,76064
0.051,88675
12.042000000000000,54437
0.045,29261
0.109,74993
0.062,86552
0.04,66796
0.062,61571
0.1,31408
0.317,18740
0.046,25172
175.610999999999990,6490
0.052,115335
0.081,52322
0.076,97940
0.168,119555
0.045,123784
0.057,88676
0.067,26209
0.059,121694
0.057,127612
9.167999999999999,91736
0.643,36566
0.18,88678
0.6,110179
0.401,93839
0.253,129699
0.886,6525
0.484,14618
0.046,31409
0.041,126578
0.911,119557
0.072,76065
0.041,13580
0.042,76067
0.118,100944
0.042,100939
0.042,94848
0.141,133893
0.053,70865
0.079,91735
0.054,140018
0.043,83429
0.045,77095
0.064,94849
0.064,108114
0.309,9079
0.046,126576
0.233,83430
0.167,65765
0.05,135910
0.05,98949
0.085,135909
0.137,127611
0.092,98950
0.062,93840
0.236,37642
0.049,38675
0.06,61570
0.062,101975
0.041,127610
0.407,117405
0.062,138979
0.104,131804
0.421,47065
0.101,63705
0.967,6690
0.147,54439
0.043,27230
0.068,110182
0.105,77100
0.094,36570
0.18,26212
0.07,49166
0.115,24136
0.092,82356
0.533,59574
1.989000000000000,89733
0.253,6949
0.049,109208
0.086,99940
0.042,126573
0.093,23048
0.094,61572
0.19,137976
0.212,26213
0.229,116417
0.054,59576
0.155,6953
0.06,84514
0.069,89734
0.167,77099
0.076,134893
0.114,15600
0.109,18741
0.067,79258
0.041,71856
0.05,131803
0.193,60530
0.228,60527
0.085,43021
0.084,58488
0.084,13581
0.044,128639
0.127,30353
0.04,18742
0.08,73961
0.076,78174
0.068,25175
0.22,34482
0.071,19809
0.047,18743
0.101,37643
0.258,135907
0.045,104033
0.102,71859
0.084,16612
0.09,59577
0.39,49197
0.059,94851
0.077,73962
0.386,37644
0.09,33417
0.05,58485
0.046,92791
0.048,78176
0.139,52325
0.049,128638
0.225,32439
0.39,52326
0.08,100941
42.606999999999999,44035
0.092,119560
0.052,130732
0.118,109232
0.053,74996
0.049,21955
0.073,105056
0.19,68805
0.091,35521
0.046,113277
0.066,86563
0.044,26216
0.046,119561
0.154,62607
0.04,21960
0.069,92790
0.05,96850
0.173,76071
0.166,129692
0.087,85498
0.275,28195
0.07,89738
0.073,19810
0.066,110185
0.091,77106
0.069,119562
0.045,121696
0.209,41960
0.107,140016
0.05,138975
0.827,10509
0.047,11545
0.176,118509
0.099,70871
0.087,108116
0.323,58486
0.192,107140
0.06,62608
0.398,68806
0.07,84513
0.07,85499
0.076,25177
0.047,134891
0.128,124840
9.465000000000000,7200
0.289,102951
0.42,85502
0.07,21957
0.071,51283
0.058,131802
0.076,26217
0.098,34484
0.076,141004
0.064,55384
0.193,66804
0.353,62611
0.068,130731
0.073,90745
0.069,141003
0.279,90743
0.079,102952
0.057,89737
0.096,111239
0.273,20858
0.064,95852
0.338,121698
0.049,83432
0.262,125901
0.051,58511
0.14,119563
0.073,88682
0.169,73965
0.041,68807
0.048,55385
0.101,56412
0.053,31418
0.083,102957
0.072,97942
0.041,9076
0.04,98955
0.744,41961
0.086,97943
0.22,88685
0.072,83433
0.063,51286
0.054,32438
0.04,81322
0.061,106111
0.058,37651
0.084,131801
0.459,77104
0.078,100946
0.107,24138
0.054,122727
0.065,57464
0.076,91740
0.061,69869
0.083,137974
0.046,79259
0.152,120620
0.115,36571
0.084,138973
0.123,18773
0.054,65764
0.069,105059
0.069,82362
0.104,137973
0.052,140015
0.35,34485
0.056,92794
11.738000000000000,48141
0.053,30327
0.323,73967
0.124,68808
35.518000000000001,6846
0.161,10540
0.242,135904
0.044,27233
0.054,23054
0.066,80294
0.07,26219
3.208000000000000,35543
0.057,112318
0.089,106113
0.044,112321
0.052,131799
0.05,80291
0.797,25192
0.104,14621
173.652999999999992,6844
0.066,130728
0.17,123813
0.178,26220
0.052,92795
0.095,28198
0.876,101981
0.048,20861
0.53,7247
0.051,118512
0.064,11567
0.107,59584
0.092,61575
0.136,131798
0.09,89741
0.041,51288
0.042,37647
0.052,66807
0.127,45044
0.239,14622
0.103,86561
0.053,47067
0.165,6502
0.069,60533
0.047,100945
0.227,99945
0.206,119565
0.044,86562
0.064,43025
0.068,65767
0.051,55387
0.042,24139
0.107,27267
0.264,89739
0.043,131797
0.209,80293
0.041,61576
0.045,56415
0.047,91745
0.227,82361
0.081,113283
0.237,140013
0.049,49172
1.269000000000000,6534
0.063,135901
0.719,44036
0.054,77108
0.074,51289
0.067,81324
0.042,9075
0.182,92796
0.073,12603
0.064,129688
0.083,33425
0.192,87639
0.114,27236
0.057,82364
0.044,82365
0.053,61591
0.124,123788
2.244000000000000,6399
3.054000000000000,6876
0.045,20864
0.102,99947
0.071,94858
0.051,102954
0.28,68810
0.328,58490
0.042,94859
0.059,11548
0.479,68811
0.057,118514
0.045,17671
0.053,24143
0.068,90747
0.195,138971
0.297,124847
0.063,128631
0.092,29273
0.063,31420
0.055,17674
0.042,102955
0.253,76073
0.346,113284
4.717000000000000,6921
0.435,128630
0.062,37652
0.068,47090
0.069,34487
0.047,126569
0.065,68813
0.055,56416
0.673,136859
0.049,19817
0.04,106116
0.068,102956
0.055,100969
207.703000000000003,38705
0.099,63709
0.056,66805
0.04,101985
0.26,6537
0.056,96880
0.052,19815
0.071,70889
0.12,40852
0.057,60534
0.087,72880
0.052,116419
0.247,80295
0.154,72881
0.058,76077
0.045,125905
27.326000000000001,6482
1.161000000000000,6492
8.087999999999999,6747
0.041,15608
0.046,76076
0.069,100948
0.184,29274
0.261,140012
0.125,112322
0.041,111242
0.059,66821
0.064,87640
0.134,123790
0.05,132795
0.04,38686
0.089,48148
0.311,55390
0.073,87641
0.107,101999
0.044,100949
0.048,99965
0.069,48149
0.051,114303
0.084,15606
0.148,72882
0.042,20887
0.057,59597
1.269000000000000,19836
0.048,75001
0.077,21963
0.051,137967
0.045,87642
0.071,84515
0.05,54469
0.048,100950
0.043,119567
0.118,87644
0.082,111257
0.049,138968
0.101,35527
0.065,121721
0.083,69873
0.1,112338
0.255,89743
0.102,21964
0.096,50244
0.087,39780
0.043,122734
0.054,64762
12.991536090000000,6810
6.797016330000000,138965
0.07509029,63712
47.213776410000001,119589
0.05464135,88709
0.41400297,134887
0.05015127,91764
0.13902808,65794
0.17900884,19818
0.142,129684
0.116,71864
0.042,32440
0.328,24145
0.051,48150
0.391,129683
0.094,127604
0.042,18747
0.054,69874
0.164,10514
0.058,57485
0.145,85503
0.09,98958
0.238,64763
0.05,122753
0.362,67852
0.163,94860
0.044,123791
0.289,113303
0.119,63730
0.083,61578
0.043,136857
0.08,129682
1.267000000000000,40853
0.107,110190
0.191,134886
0.336,35528
0.1,37655
0.043,115341
0.093,47076
0.072,29275
0.205,10516
1.294000000000000,30332
0.048,40854
0.065,27237
21.167999999999999,24146
0.058,78183
1.088000000000000,112325
0.171,25182
0.045,126568
0.046,10517
0.232,26224
0.244,88692
0.229,107143
0.07,136856
0.065,45046
0.227,30333
0.071,91746
0.086,63713
0.524,66809
0.104,96858
0.051,110191
0.088,126567
0.089,88693
0.487,92799
0.109,31425
2.007000000000000,131790
0.053,20869
0.041,129680
0.069,69875
0.099,100951
0.08,75005
0.065,113286
0.078,140010
0.23,105065
0.247,140009
0.12,119570
0.062,105066
0.044,78185
0.055,50245
0.105,39781
2.183000000000000,37656
0.055,40855
0.046,84519
0.048,12588
0.082,21965
0.115,116422
0.046,62616
0.085,79263
0.873,6892
0.361,39782
1.569000000000000,26225
0.902,109219
0.183,71865
0.358,138963
0.13,60536
0.15,87647
0.155,40856
0.323,110192
0.12,33429
0.156,24148
0.115,131789
0.051,9070
0.044,19821
0.318,45048
1.749000000000000,10518
0.053,16620
0.054,15609
0.377,21968
0.155,138962
1.038000000000000,10519
0.219,65771
0.175,83443
0.056,91747
0.054,69876
0.158,48151
0.084,27239
0.076,15610
0.069,65772
0.113,122738
0.447,98959
0.698,117417
0.104,115342
0.51,80299
0.075,138961
0.119,108124
0.271,104040
0.102,78186
0.296,54445
0.071,89745
0.071,14626
0.043,49179
0.067,105068
0.31,113288
0.134,14627
0.12,70876
1.074000000000000,61579
9.259000000000000,138960
0.088,133880
0.193,85504
0.074,9068
0.502,19822
0.056,80301
0.041,38690
0.042,128626
0.122,134884
0.064,41964
0.404,20870
1.880000000000000,100953
0.096,62629
0.503,52335
0.042,59587
0.043,21970
0.731,70877
5.095000000000000,86566
1.950000000000000,56422
0.053,133879
0.045,83444
0.08,107146
0.055,77109
0.076,113289
4.405000000000000,75009
0.566,75010
0.041,78187
0.134,132793
0.213,125908
0.24,117420
0.061,120630
0.116,124850
0.362,79267
0.092,54447
1.480000000000000,111243
0.042,60541
0.043,118520
0.221,99952
0.193,41966
1.339000000000000,118521
0.087,130720
0.063,85505
0.057,72886
0.047,104041
0.086,90748
0.621,43029
0.076,83445
0.062,92802
0.079,120631
0.091,81328
0.065,111244
0.126,46078
0.053,94862
1.362000000000000,77112
0.07,100955
0.181,24149
0.373,109220
0.072,94863
0.123,130719
0.059,88697
0.214,128624
0.04,26227
0.046,82369
0.193,39784
0.09,60542
0.174,60543
0.069,14629
0.086,24150
0.046,133878
0.318,64779
0.094,79269
0.081,93845
0.082,101987
0.091,125909
0.992,137963
0.285,33431
0.099,87649
0.092,20873
0.205,77113
0.173,16622
0.146,17680
3.849000000000000,87650
0.214,69878
0.189,26229
0.447,89746
0.634,138958
0.07,123795
0.047,68816
0.045,118523
0.101,41967
0.063,73972
0.093,13590
0.121,109221
0.162,53419
0.12,9066
0.059,14631
2.802000000000000,113291
0.071,140008
0.049,44039
0.062,108126
0.322,59588
0.196,84521
0.155,92804
0.682,17681
0.075,92805
0.193,65775
0.059,24151
1.276000000000000,47078
0.06,17682
0.044,96860
0.046,94864
0.25,48154
0.042,12589
0.044,31427
0.173,37658
0.103,27243
1.971000000000000,7126
0.061,44040
0.144,32443
0.064,102961
0.144,18753
0.063,133877
0.211,27244
0.05,127598
0.527,76080
0.047,112327
0.163,33432
0.069,117421
0.08,63715
0.042,92806
0.061,29277
0.2,37659
0.043,111245
0.206,32444
0.05,39787
0.045,33433
0.173,60544
0.045,91749
0.21,49184
0.362,65776
1.130000000000000,131787
0.058,87651
0.233,137962
0.069,60545
0.218,43030
0.442,40858
0.058,35531
0.055,81330
0.07,40859
0.316,109222
0.133,120632
0.746,109223
0.063,37660
0.462,14633
3.682000000000000,108127
0.144,69879
0.049,27245
0.061,122741
1.368000000000000,15616
0.384,68817
1.504000000000000,61580
0.196,102962
0.136,50246
0.271,114306
0.083,24152
0.087,45051
0.193,49185
0.083,97954
1.273000000000000,112328
0.258,64766
0.31,79270
0.056,140005
0.066,47081
0.475,94865
0.083,77116
0.397,98961
0.133,85506
0.388,110193
0.738,6527
0.171,96863
0.051,95862
0.255,36577
0.049,64767
0.053,131786
0.248,46081
0.079,32446
0.126,88699
0.126,102963
0.101,89747
0.105,9063
0.295,65777
0.148,114307
0.101,140997
0.047,67841
1.855000000000000,7298
0.064,133874
0.077,68818
0.048,132790
0.075,82371
1.381000000000000,7153
0.049,79271
0.056,49186
0.044,132789
0.047,10523
0.22,134882
0.095,95863
0.056,77117
0.053,89748
2.695000000000000,102964
0.14,97955
0.094,137958
0.135,18755
0.042,117424
0.314,61581
0.13,20874
0.059,67843
0.067,20875
0.105,46083
0.1,19825
0.2,16626
0.439,28207
0.057,123796
0.079,10524
0.398,65779
0.169,127597
0.063,61582
0.054,107148
0.155,105071
3.666000000000000,10525
0.051,81332
0.47,63718
0.064,48155
0.06,59589
0.096,30337
0.106,101990
0.077,9060
0.083,24153
0.045,131784
0.95,109224
0.06,132787
0.116,37662
0.081,44043
0.071,66814
0.041,98962
2.609000000000000,125913
0.222,132786
1.193000000000000,6845
0.05,37663
0.73,6837
1.500000000000000,97956
0.099,127596
0.476,88700
0.182,107149
0.131,18757
1.244000000000000,16627
0.057,117425
0.105,38692
0.044,60547
0.652,75013
0.048,108128
0.132,140995
0.051,27246
0.042,119571
0.182,25187
0.995,16628
0.166,49188
0.057,94867
0.146,87653
0.12,80307
0.091,112329
0.045,96866
0.055,49189
0.079,78189
0.108,51296
0.149,122743
0.046,15617
0.087,108129
0.055,49190
0.143,92807
0.32,138954
0.304,38693
0.062,109225
0.483,113292
0.045,23065
1.332000000000000,13593
0.045,24155
2.925000000000000,107150
0.137,92808
0.196,111246
0.117,105072
0.041,38694
0.063,12591
0.892,113293
0.67,55394
2.164000000000000,111247
0.366,84525
0.041,56425
0.321,33441
0.253,77118
0.082,52340
0.094,122744
0.103,131783
0.063,122745
0.063,107151
0.195,121708
0.052,112331
0.16,101991
0.074,28209
0.056,106122
0.068,102965
0.064,140003
0.047,46086
0.068,20876
0.065,41972
10.318000000000000,53422
0.105,81335
0.499,58495
0.147,86573
0.078,20877
0.056,68819
0.05,21971
0.04,108131
0.13,129674
0.846,118525
0.05,96869
0.234,78192
0.072,65783
0.477,30339
0.502,80308
0.223,18758
0.041,71867
0.091,40863
0.087,30340
0.04,113294
1.239000000000000,53424
0.046,80309
0.619,135894
0.412,30341
0.041,65784
0.21,34494
0.051,113295
0.54,128621
0.185,11555
0.251,129672
0.787,88702
0.15,58496
0.128,92810
0.388,37665
0.956,78193
0.064,105076
0.135,19827
8.314000000000000,59590
0.054,40864
0.452,130717
0.158,110195
0.042,137955
1.057000000000000,7425
0.088,12592
1.114000000000000,41973
0.056,52342
0.125,59591
0.071,105077
0.152,84529
1.079000000000000,31428
0.093,17684
0.183,140000
0.092,63721
0.07,28211
0.127,84530
0.54,21972
0.055,102969
0.286,29279
0.165,86575
0.041,24157
0.258,101992
0.589,119574
0.628,30342
0.056,33442
2.373000000000000,130716
0.351,31429
0.042,85508
0.111,44045
0.119,52343
0.113,57473
0.047,123799
0.458,56426
0.063,83449
0.522,115348
0.051,100960
0.074,36587
1.286000000000000,56427
0.067,79273
0.53,80310
0.623,7365
0.088,87656
0.083,83450
0.809,102971
0.063,38697
0.097,96870
0.084,139998
0.061,19828
0.075,131781
0.105,27247
0.08,108132
0.056,105079
0.152,21973
0.64,72888
0.066,29281
2.555000000000000,54453
2.915000000000000,21974
0.06,59592
0.133,11556
0.114,46090
0.074,61584
0.16,126565
0.429,125916
0.052,27249
0.048,88704
0.085,32452
0.584,116426
0.125,83451
1.106000000000000,40865
0.064,41974
0.061,94871
0.045,40866
0.577,21975
0.05,13594
0.044,37667
0.102,130715
0.078,36578
0.142,47083
0.108,73976
0.06,108133
0.076,108134
0.04,75016
0.122,130714
0.108,109228
0.102,96871
0.083,135892
0.043,17687
0.048,50249
0.053,11559
0.047,69881
0.085,26235
0.079,10526
0.247,11560
0.059,50250
0.954,7231
2.218000000000000,7437
0.095,58499
0.741,89753
1.654000000000000,12594
0.065,111248
0.151,43033
0.073,40867
0.602,117429
0.104,50251
0.151,65786
0.049,101994
0.043,128617
0.071,108135
0.067,26236
0.061,64770
0.05,115349
0.141,33443
0.413,18760
4.867000000000000,16635
0.072,50252
0.126,126563
0.044,46091
0.179,9056
0.112,92812
0.079,56429
0.249,21977
0.076,102974
0.043,70881
0.044,41975
0.056,56430
0.245,53426
0.055,43035
0.057,55396
0.043,83452
0.076,83453
0.107,111250
0.185,65787
0.165,119581
0.055,31431
0.155,48159
0.055,122747
0.068,36579
0.105,28214
1.157000000000000,82375
0.083,33444
0.515,7295
0.199,138949
0.186,82376
0.077,14638
0.228,121715
0.473,7405
0.121,44050
0.183,112332
0.065,56431
0.048,18761
0.216,40868
0.047,82377
0.233,65788
0.052,41976
0.316,133868
0.042,87657
0.066,113296
0.097,116428
0.277,75018
0.095,64771
0.083,17689
0.11,118528
0.355,63724
0.042,104043
0.059,66815
0.185,123804
0.097,95866
0.04,110199
2.505000000000000,119582
0.044,13596
0.165,79274
0.1,21978
0.059,10529
0.306,96872
0.067,125920
0.253,45055
0.085,71870
0.047,28215
0.052,57476
0.595,110200
0.09,131779
0.355,69882
0.069,24159
0.136,39792
0.12,85510
0.108,32455
0.057,39793
0.088,121716
0.132,12595
0.042,20880
0.198,84532
11.362000000000000,16636
0.092,95867
0.046,82379
0.053,110201
0.044,70882
0.072,38700
0.426,92813
0.099,80312
0.048,58501
0.084,58502
0.072,45056
0.445,23068
0.078,131778
0.051,69883
2.324000000000000,37669
0.045,13598
0.167,7175
0.074,59594
0.257,18762
0.078,36581
0.662,7146
0.093,30343
0.139,125921
0.175,100963
0.098,55397
4.174000000000000,6973
0.045,54459
0.091,29284
0.118,23069
4.599000000000000,7128
5.814000000000000,11562
0.428,46095
0.629,94873
0.177,33445
0.063,96874
0.073,86578
0.172,106127
3.050000000000000,54460
0.041,58504
0.057,104044
0.102,17690
0.047,125922
0.05,136851
0.12,47084
0.163,128613
0.085,35536
0.042,117433
0.991,100964
0.077,54461
0.13,70883
0.054,53427
0.06,107152
0.182,44053
0.295,35537
0.078,116430
0.189,116431
0.156,106128
0.138,85511
0.115,139997
0.128,132781
1.748000000000000,108136
0.063,50254
0.111,52345
0.371,40870
0.058,85512
0.046,133867
0.099,15620
0.633,93853
0.043,102975
0.152,132780
0.434,60551
0.067,117434
0.124,140993
0.063,124857
0.146,9053
0.994,32457
0.579,116432
0.175,138947
0.134,104046
0.055,11563
0.044,44054
1.236000000000000,75019
0.197,132779
0.235,123805
0.172,93854
0.057,133865
0.068,57478
0.196,100965
0.041,130713
0.09,16637
0.085,121718
0.104,119583
0.439,13602
0.091,111252
0.088,10531
0.053,38701
0.065,71873
0.05,69884
0.043,20881
0.045,46097
0.254,80316
0.578,102976
0.057,27255
0.202,120636
0.053,56433
0.06,82382
0.059,120637
0.54,115353
3.573000000000000,126560
12.442000000000000,138946
0.508,70884
0.076,114311
0.131,44055
0.358,136850
0.247,117435
0.106,58505
1.266000000000000,91757
0.159,131777
0.046,26242
0.229,105082
0.094,28217
0.092,54464
1.267000000000000,6432
0.07,32459
0.344,44056
0.31,31434
0.05,121719
0.048,69886
0.073,70885
0.043,19832
0.091,40873
0.215,123806
0.044,104047
0.114,40874
0.052,137951
0.057,47085
0.095,72893
0.28,10532
0.092,134876
0.132,27257
0.191,71874
0.043,119585
0.042,116433
0.101,130712
0.097,36583
0.049,56435
1.146000000000000,140992
0.128,28218
0.085,48162
0.783,92816
0.14,134875
0.061,113298
1.446000000000000,6920
0.287,16639
0.044,29285
0.067,14639
0.215,64775
0.045,48163
0.091,32460
0.137,122749
0.081,51300
1.351000000000000,6425
0.041,134874
1.353000000000000,7093
0.465,47086
0.108,115354
0.227,37671
1.748000000000000,18765
0.046,85513
0.081,41980
1.272000000000000,65789
0.111,89755
0.056,116434
0.065,85514
0.237,50256
0.047,13605
0.061,23071
0.086,133864
0.274,105083
0.07,41982
0.777,77120
16.867000000000001,132776
1.425000000000000,45059
0.085,10533
1.625000000000000,76084
0.056,58506
0.313,68823
0.111,94875
0.128,26245
0.14,111254
0.049,46098
0.079,102978
0.161,128610
0.056,60552
0.051,14641
0.246,73980
0.333,129666
0.121,127588
0.046,18767
0.051,129665
0.068,136849
0.055,131776
0.295,108137
0.072,39797
0.447,137949
0.073,136848
0.436,136847
0.188,31435
0.487,6434
0.388,23072
0.047,75024
0.049,127587
0.578,6721
0.09,78197
0.092,89756
0.076,87661
0.071,136846
0.088,89757
0.279,46099
0.805,35539
25.225000000000001,67847
0.078,32461
0.04,40876
0.06,45061
0.064,13606
3.617000000000000,108138
1.610000000000000,77121
0.196,7124
0.062,128609
0.07,96876
0.067,37672
0.071,112333
0.918,39798
0.09,52347
2.228000000000000,92818
0.059,55399
0.063,113299
0.435,104050
0.196,72895
0.163,80319
0.079,25189
0.474,24160
0.077,97964
2.086000000000000,23075
0.042,93857
0.048,25190
0.046,93858
0.043,108139
0.086,113300
0.064,139995
0.645,69888
0.213,112334
0.045,125926
0.062,57481
0.044,52348
0.102,80320
0.128,80321
0.057,27261
0.076,31436
0.386,63726
0.565,110206
0.724,114314
0.095,10535
0.27,36584
0.074,24161
0.109,61588
0.117,68824
0.048,92819
0.052,32462
0.075,53430
0.116,111255
1.005000000000000,7145
0.047,91759
0.304,116436
0.972,90753
0.045,56437
0.092,82385
0.108,71875
0.429,68825
0.073,26246
0.049,88707
0.074,131775
0.378,131774
0.102,81340
0.078,78198
0.11,18770
0.067,60554
0.062,20883
0.072,72897
0.329,14643
0.172,10536
0.045,10537
0.128,61589
0.115,123809
1.764000000000000,7304
0.546,39801
0.173,57483
0.129,138941
0.048,54466
0.055,130709
0.061,63727
0.591,53431
0.045,91761
0.079,99961
0.065,58508
0.059,60555
0.056,30347
0.055,112335
0.056,114315
0.08,71876
0.063,79278
0.059,125927
0.337,53432
0.334,59595
0.094,94879
0.095,65791
0.043,65792
0.187,104053
1.629000000000000,137948
0.403,93860
0.043,48168
0.18,92821
0.115,20884
0.049,35541
0.042,139994
0.164,96878
0.189,39802
0.043,21983
0.064,117438
0.154,112336
0.576,44060
0.059,97965
0.07,102980
21.754999999999999,73981
0.116,123810
0.125,99962
0.04,27263
0.523,44061
0.2,67849
0.947,127585
0.127,131773
0.377,69891
0.177,76086
0.118,83458
4.991000000000000,19834
0.049,91762
0.072,70887
0.084,13607
0.043,77123
0.108,46100
0.044,52350
0.319,62627
0.057,129664
0.32,104054
0.058,86582
2.898000000000000,117439
31.792000000000002,6404
5.730000000000000,6514
0.605,102981
0.183,118532
0.076,136845
27.959000000000000,75026
0.606,118533
0.041,123811
0.748,129663
3.156000000000000,119586
1.892000000000000,7073
2.582000000000000,94880
0.077,43043
0.058,118534
0.358,30348
0.151,53433
3.655000000000000,47088
0.182,138940
0.058,67850
0.066,46101
0.129,89760
0.05,107158
2.733000000000000,135886
0.538,84535
0.296,102001
0.865,46102
0.108,44062
0.158,58509
0.08,78204
0.16,37678
0.067,53438
0.061,35548
0.151,45064
0.049,95879
0.159,6406
0.069,89764
0.272,35544
0.045,133858
1.326000000000000,6413
0.056,25193
0.127,39807
0.055,95877
0.07,53436
0.101,82387
0.236,20890
0.088,23081
0.474,49200
0.212,60558
0.406,104061
0.106,37680
0.211,30349
0.066,40883
115.584999999999994,6420
0.085,102004
0.122,25199
0.189,124863
0.121,12607
0.147,94881
0.051,66822
0.08,126558
0.043,47092
0.043,27264
2.618000000000000,6439
0.279,118538
0.301,137943
0.069,35550
0.273,11570
0.082,63732
0.041,96888
1.539000000000000,90768
1.439000000000000,106137
0.07,96883
0.287,12604
0.074,128603
0.04,64780
0.058,69898
0.059,58516
0.652,64781
0.605,76090
0.453,63735
0.471,85520
0.049,67854
1.816000000000000,32463
0.074,88715
0.255,79287
0.298,45067
0.229,100975
0.1,84539
0.66,58513
3.249000000000000,7256
0.048,123821
0.329,61595
0.079,28225
0.571,38707
0.297,18774
0.082,99969
0.06,39809
0.094,88718
4.485000000000000,6411
0.056,57489
0.271,60561
1.835000000000000,27265
0.503,32464
0.057,100970
0.05,97970
0.297,20895
0.236,53443
0.067,75031
0.089,66826
0.049,49198
0.089,62633
0.137,30350
0.219,96884
0.071,9050
0.103,79285
0.505,6493
0.1,106139
5.011000000000000,81
0.04,18775
0.094,63733
1.143000000000000,6907
0.077,137940
0.165,50261
7.466000000000000,131768
0.061,115361
0.046,58514
0.155,132769
0.139,25197
0.072,94887
0.261,39816
0.053,134865
0.061,127579
0.452,57490
0.944,113308
0.048,129660
0.042,20897
0.08,75034
6.541000000000000,104063
1.311000000000000,96885
0.177,69901
0.053,80326
0.144,64787
0.074,100972
0.102,112342
0.222,137939
0.132,78208
0.175,61593
0.06,38711
7.974000000000000,7119
3.059000000000000,83464
0.053,92833
0.054,30351
0.137,55409
0.857,18776
5.726000000000000,134864
0.537,19839
0.144,122758
0.61,48173
0.186,73992
0.066,59601
0.593,83466
0.081,124866
0.88,6415
0.463,75032
0.044,14650
0.99,52357
0.092,15644
0.057,78211
0.132,126552
0.3,130705
0.056,105088
0.356,54470
0.052,38709
0.07,112346
1.871000000000000,89770
0.046,39812
0.048,118545
0.106,102986
0.04,83469
0.053,125934
0.229,43047
3.580000000000000,58519
0.059,64789
0.413,100979
0.097,125937
0.114,137938
0.118,33454
0.076,110303
0.165,107169
0.06,140988
0.077,80328
0.235,72905
0.079,83467
0.058,112348
0.133,78209
0.052,110212
0.222,17703
0.18,100977
0.172,15634
0.054,111262
8.705000000000000,48175
0.048,58517
0.049,110213
0.421,27270
1.046000000000000,88720
1.724000000000000,41991
0.044,21993
0.054,25201
1.256000000000000,134863
0.065,102009
0.717,19841
0.203,111370
0.097,129658
0.091,15635
0.06,40891
0.724,43050
0.103,133851
0.19,53440
0.042,36592
0.101,77137
0.151,16652
0.054,23085
1.496000000000000,60565
0.173,7243
0.117,14653
0.056,15637
0.183,126550
0.4,108146
0.046,102988
0.417,40894
0.116,19871
0.343,102011
1.527000000000000,6426
0.041,137935
0.105,62636
0.255,89772
0.07,126549
0.04,75038
0.058,137934
1.393000000000000,32472
0.495,59604
0.187,127575
0.12,100991
0.115,64791
0.065,69906
0.061,120649
1.203000000000000,131763
0.658,125935
0.135,112350
0.111,116445
0.346,128600
0.065,84544
1.146000000000000,27272
0.078,122765
0.169,26259
0.176,97975
0.046,59630
0.3,249
0.224,90761
0.058,122772
0.083,14662
0.054,122766
0.093,140987
0.15,129656
0.112,137933
0.058,37691
0.114,139986
0.07,43054
0.082,79289
0.501,17705
0.06,36596
0.095,129655
0.093,28264
0.084,27276
0.582,139985
0.098,129654
1.511000000000000,114323
0.059,30356
0.171,129653
0.08,110215
2.004000000000000,134860
0.085,119593
0.071,89776
0.807,39916
0.044,18788
0.303,34507
0.062,110216
0.4,6584
0.051,41996
0.234,121728
0.065,94889
0.079,132762
0.098,100980
0.226,53520
0.183,95888
0.073,42000
0.041,31450
0.049,77139
0.152,34517
0.058,123825
0.05,73999
0.04,77150
0.055,106166
0.097,30360
0.048,17713
0.047,12613
0.974,6879
0.086,50266
0.051,29305
0.054,23088
0.058,78219
0.052,51393
0.049,63738
0.06,87670
0.076,61608
0.058,139981
0.054,21995
0.077,138932
0.095,77143
0.086,87672
0.069,24173
0.131,109262
0.161,28244
0.081,76167
0.049,100982
53.838000000000001,81353
0.125,36603
0.072,18791
0.12,131760
0.055,49202
0.078,119598
0.183,93875
0.107,90764
0.44,65802
0.154,71885
1.249000000000000,6408
0.055,126545
0.07,57505
0.066,20903
0.077,32476
1.108000000000000,76101
0.069,82403
0.055,87677
0.05,55416
0.108,34511
0.075,139978
0.04,45076
0.042,20905
0.156,125940
0.118,84630
0.107,102012
0.046,84547
0.052,75043
0.04,72913
0.074,56457
0.087,80333
0.081,85534
0.19,113318
0.054,136832
0.171,15643
0.158,103001
0.046,34512
0.119,60571
0.07,38719
0.103,54479
0.198,25210
0.041,65804
0.811,51319
0.198,16661
0.553,92839
0.188,19849
0.079,83474
0.638,31463
0.094,29302
0.071,68841
0.191,34515
0.087,49206
0.269,53449
1.878000000000000,6419